{
    "providers": [
        {
            "type": "space",
            "advances": {
                "\ue000": 1,
                "\ue001": 2,
                "\ue002": 4,
                "\ue003": 8,
                "\ue004": 16,
                "\ue005": 32,
                "\ue006": 64,
                "\ue007": 128,
                "\ue008": 256,
                "\ue009": 512,
                "\ue00a": 1024,
                "\ue00b": 2048
            }
        }
    ]
}
